Designator,Footprint,Quantity,Value,LCSC Part #
"C1, C10, C2, C22, C3, C4, C5, C7",0402,8,100n,GRM155R71C104KA88D
"C11, C12",0402,2,10p,GRM1555C1H100JA01D
C13,0805,1,22u,C0805C226M8PACTU
C14,0805,1,10u,C0805C106M8PACTU
"C15, C16, C17, C18, C23",0402,5,10n,GRM155R71C103KA01D
C21,0603,1,4.7u,C0603C475K8PACTU
C24,0201,1,2.2u,GRM033R60J225ME47D
C6,0603,1,10u,C1608X5R1A106K080AC
"C8, C9",0402,2,1u,CC0402KRX5R6BB105
D1,0603,1,RED,LTST-C190KRKT
FB1,0603,1,120R,BLM18AG121SN1D
J1,USB_Micro-B_Wuerth_629105150521,1,USB_B_Micro,629105150521
J2,PinHeader_1x04_P2.54mm_Vertical,1,Conn_01x04_Pin,61300411121
"J3, J5",JST_EH_S3B-EH_1x03_P2.50mm_Horizontal,2,Conn_01x03_Pin,S3B-EH(LF)(SN)
R1,0402,1,10k,RC0402FR-0710KL
R2,0402,1,1.5k,RC0402FR-071K5L
"R3, R4",0402,2,4.7k,RC0402FR-074K7L
SW1,SW_SPDT_PCM12,1,SW_SPDT,PCM12SMTR
"SW10, SW11, SW14, SW2, SW3",SW_PUSH_6mm,5,SW_Push,B3F-1000
"SW6, SW7, SW8, SW9",SW_PUSH-12mm_Wuerth-430476085716,4,SW_Push,430476085716
U1,LQFP-64_10x10mm_P0.5mm,1,STM32F446RETx,STM32F446RET6
U2,SOT-223-3_TabPin2,1,TLV1117-33,TLV1117LV33DCYR
U3,SOT-23-6,1,USBLC6-2SC6,USBLC6-2SC6
U4,XDCR_COM-09032,1,joystick_right,COM-09032
U5,XDCR_COM-09032,1,joystick_left,COM-09032
U7,LGA14_2.5X3X0.76_IVS-M,1,ICM-42670-P,ICM-42670-P
Y1,Crystal_SMD_3225-4Pin_3.2x2.5mm,1,8MHz,J32SMX-H-F-G-I-8M0
