Designator,Mid X,Mid Y,Rotation,Layer
C1,145.0,-41.65,90.0,top
C10,152.95,-48.4,0.0,top
C11,148.45,-49.9,180.0,top
C12,151.829,-49.928435,0.0,top
C13,170.2,-22.75,180.0,top
C14,161.85,-27.6,90.0,top
C15,141.7,-46.08,270.0,top
C16,141.65,-42.5,90.0,top
C17,164.15,-45.7,270.0,top
C18,164.35,-42.63,90.0,top
C2,150.065,-29.4875,0.0,top
C21,162.5,-34.5,180.0,top
C22,99.5,-55.5,90.0,top
C23,94.0,-57.5,0.0,top
C24,98.5,-55.5,270.0,top
C3,160.0,-32.5,0.0,top
C4,161.45,-42.22,270.0,top
C5,147.05,-44.75,180.0,top
C6,147.025,-47.4375,180.0,top
C7,158.67,-45.65,180.0,top
C8,158.82826,-47.15,0.0,top
C9,160.0,-50.5,180.0,top
D1,169.0,-20.4,0.0,top
FB1,159.72826,-48.9,0.0,top
H1,210.0,-22.0,0.0,top
H2,51.1,-115.1,0.0,top
H3,89.0,-22.0,0.0,top
H4,51.1,-22.1,0.0,top
H5,277.1,-22.1,0.0,top
H6,277.1,-115.1,0.0,top
H7,108.0,-22.0,0.0,top
H8,191.0,-22.0,0.0,top
J1,154.055,-21.455,180.0,top
J2,141.25,-20.25,270.0,top
J3,223.5,-26.0,0.0,top
J5,75.58,-26.0,0.0,top
R1,139.925,-37.7,0.0,top
R2,168.85,-18.05,0.0,top
R3,94.0,-51.5,0.0,top
R4,96.0,-51.5,180.0,top
SW1,134.425,-36.65,270.0,top
SW10,187.83,-67.4225,0.0,top
SW11,121.33,-67.4225,0.0,top
SW14,153.85,-72.05,0.0,top
SW2,176.33,-93.9225,0.0,top
SW3,132.33,-93.9225,0.0,top
SW6,268.83,-54.1725,0.0,top
SW7,247.33,-73.6725,0.0,top
SW8,246.33,-34.1725,0.0,top
SW9,223.33,-54.1725,0.0,top
U1,153.6,-37.4,0.0,top
U2,169.0,-28.15,180.0,top
U3,153.5,-27.5,270.0,top
U4,217.682,-98.85,0.0,top
U5,68.932,-61.65,0.0,top
U7,95.5,-54.5,0.0,top
Y1,150.699,-53.028435,0.0,top
