Comment,Designator,Footprint,LCSC Part #,Manufacturer,Manufacturer Part Number
100n,"C1,C2,C3,C4,C5,C7,C10,C22",C_0402_1005Metric,,Murata Electronics,GRM155R71C104KA88D
10u,C6,C_0603_1608Metric,,TDK,C1608X5R1A106K080AC
1u,"C8,C9",C_0402_1005Metric,,YAGEO,CC0402KRX5R6BB105
10p,"C11,C12",C_0402_1005Metric,,Murata Electronics,GRM1555C1H100JA01D
22u,C13,C_0805_2012Metric,,KEMET,C0805C226M8PACTU
10u,C14,C_0805_2012Metric,,KEMET,C0805C106M8PACTU
10n,"C15,C16,C17,C18,C23",C_0402_1005Metric,,Murata Electronics,GRM155R71C103KA01D
4.7u,C21,C_0603_1608Metric,,KEMET,C0603C475K8PACTU
2.2u,C24,C_0201_0603Metric,,Murata Electronics,GRM033R60J225ME47D
RED,D1,LED_0603_1608Metric,,Lite-On,LTST-C190KRKT
120R,FB1,L_0603_1608Metric,,Murata Electronics,BLM18AG121SN1D
USB_B_Micro,J1,USB_Micro-B_Wuerth_629105150521,,Würth Elektronik,629105150521
Conn_01x04_Pin,J2,PinHeader_1x04_P2.54mm_Vertical,,Würth Elektronik,61300411121
Conn_01x03_Pin,"J3,J5",JST_EH_S3B-EH_1x03_P2.50mm_Horizontal,,JST,S3B-EH(LF)(SN)
10k,R1,R_0402_1005Metric,,YAGEO,RC0402FR-0710KL
1.5k,R2,R_0402_1005Metric,,YAGEO,RC0402FR-071K5L
4.7k,"R3,R4",R_0402_1005Metric,,YAGEO,RC0402FR-074K7L
SW_SPDT,SW1,SW_SPDT_PCM12,,C&K / Littelfuse,PCM12SMTR
SW_Push,"SW2,SW3,SW10,SW11,SW14",SW_PUSH_6mm,,Omron Electronics Components,B3F-1000
SW_Push,"SW6,SW7,SW8,SW9",SW_PUSH-12mm_Wuerth-430476085716,,Würth Elektronik,430476085716
STM32F446RETx,U1,LQFP-64_10x10mm_P0.5mm,,STMicroelectronics,STM32F446RET6
TLV1117-33,U2,SOT-223-3_TabPin2,,Texas Instruments,TLV1117LV33DCYR
USBLC6-2SC6,U3,SOT-23-6,,STMicroelectronics,USBLC6-2SC6
joystick_right,U4,XDCR_COM-09032,,SparkFun Electronics,COM-09032
joystick_left,U5,XDCR_COM-09032,,SparkFun Electronics,COM-09032
ICM-42670-P,U7,LGA14_2.5X3X0.76_IVS-M,,TDK InvenSense,ICM-42670-P
8MHz,Y1,Crystal_SMD_3225-4Pin_3.2x2.5mm,,Jauch Quartz,J32SMX-H-F-G-I-8M0
