Ref,Val,Package,PosX,PosY,Rot,Side
"C1","100n","C_0402_1005Metric",145.000000,-41.650000,90.000000,top
"C2","100n","C_0402_1005Metric",150.065000,-29.487500,0.000000,top
"C3","100n","C_0402_1005Metric",160.000000,-32.500000,0.000000,top
"C4","100n","C_0402_1005Metric",161.450000,-42.220000,-90.000000,top
"C5","100n","C_0402_1005Metric",147.050000,-44.750000,180.000000,top
"C6","10u","C_0603_1608Metric",147.025000,-47.437500,180.000000,top
"C7","100n","C_0402_1005Metric",158.670000,-45.650000,180.000000,top
"C8","1u","C_0402_1005Metric",158.828260,-47.150000,0.000000,top
"C9","1u","C_0402_1005Metric",160.000000,-50.500000,180.000000,top
"C10","100n","C_0402_1005Metric",152.950000,-48.400000,0.000000,top
"C11","10p","C_0402_1005Metric",148.450000,-49.900000,180.000000,top
"C12","10p","C_0402_1005Metric",151.829000,-49.928435,0.000000,top
"C13","22u","C_0805_2012Metric",170.200000,-22.750000,180.000000,top
"C14","10u","C_0805_2012Metric",161.850000,-27.600000,90.000000,top
"C15","10n","C_0402_1005Metric",141.700000,-46.080000,-90.000000,top
"C16","10n","C_0402_1005Metric",141.650000,-42.500000,90.000000,top
"C17","10n","C_0402_1005Metric",164.150000,-45.700000,-90.000000,top
"C18","10n","C_0402_1005Metric",164.350000,-42.630000,90.000000,top
"C21","4.7u","C_0603_1608Metric",162.500000,-34.500000,180.000000,top
"C22","100n","C_0402_1005Metric",99.500000,-55.500000,90.000000,top
"C23","10n","C_0402_1005Metric",94.000000,-57.500000,0.000000,top
"C24","2.2u","C_0201_0603Metric",98.500000,-55.500000,-90.000000,top
"D1","RED","LED_0603_1608Metric",169.000000,-20.400000,0.000000,top
"FB1","120R","L_0603_1608Metric",159.728260,-48.900000,0.000000,top
"H1","MountingHole","MountingHole_2.2mm_M2",210.000000,-22.000000,0.000000,top
"H2","MountingHole","MountingHole_3.2mm_M3",51.100000,-115.100000,0.000000,top
"H3","MountingHole","MountingHole_2.2mm_M2",89.000000,-22.000000,0.000000,top
"H4","MountingHole","MountingHole_3.2mm_M3",51.100000,-22.100000,0.000000,top
"H5","MountingHole","MountingHole_3.2mm_M3",277.100000,-22.100000,0.000000,top
"H6","MountingHole","MountingHole_3.2mm_M3",277.100000,-115.100000,0.000000,top
"H7","MountingHole","MountingHole_2.2mm_M2",108.000000,-22.000000,0.000000,top
"H8","MountingHole","MountingHole_2.2mm_M2",191.000000,-22.000000,0.000000,top
"J1","USB_B_Micro","USB_Micro-B_Wuerth_629105150521",154.055000,-21.455000,180.000000,top
"J2","Conn_01x04_Pin","PinHeader_1x04_P2.54mm_Vertical",145.060000,-20.250000,-90.000000,top
"J3","Conn_01x03_Pin","JST_EH_S3B-EH_1x03_P2.50mm_Horizontal",221.000000,-26.000000,0.000000,top
"J5","Conn_01x03_Pin","JST_EH_S3B-EH_1x03_P2.50mm_Horizontal",73.080000,-26.000000,0.000000,top
"R1","10k","R_0402_1005Metric",139.925000,-37.700000,0.000000,top
"R2","1.5k","R_0402_1005Metric",168.850000,-18.050000,0.000000,top
"R3","4.7k","R_0402_1005Metric",94.000000,-51.500000,0.000000,top
"R4","4.7k","R_0402_1005Metric",96.000000,-51.500000,180.000000,top
"SW1","SW_SPDT","SW_SPDT_PCM12",134.425000,-36.650000,-90.000000,top
"SW2","SW_Push","SW_PUSH_6mm",173.080000,-91.672500,0.000000,top
"SW3","SW_Push","SW_PUSH_6mm",129.080000,-91.672500,0.000000,top
"SW6","SW_Push","SW_PUSH-12mm_Wuerth-430476085716",262.580000,-51.672500,0.000000,top
"SW7","SW_Push","SW_PUSH-12mm_Wuerth-430476085716",241.080000,-71.172500,0.000000,top
"SW8","SW_Push","SW_PUSH-12mm_Wuerth-430476085716",240.080000,-31.672500,0.000000,top
"SW9","SW_Push","SW_PUSH-12mm_Wuerth-430476085716",217.080000,-51.672500,0.000000,top
"SW10","SW_Push","SW_PUSH_6mm",184.580000,-65.172500,0.000000,top
"SW11","SW_Push","SW_PUSH_6mm",118.080000,-65.172500,0.000000,top
"SW14","SW_Push","SW_PUSH_6mm",150.600000,-69.800000,0.000000,top
"U1","STM32F446RETx","LQFP-64_10x10mm_P0.5mm",153.600000,-37.400000,90.000000,top
"U2","TLV1117-33","SOT-223-3_TabPin2",169.000000,-28.150000,0.000000,top
"U3","USBLC6-2SC6","SOT-23-6",153.500000,-27.500000,90.000000,top
"U4","joystick_right","XDCR_COM-09032",218.825000,-100.120000,0.000000,top
"U5","joystick_left","XDCR_COM-09032",70.075000,-62.920000,0.000000,top
"U7","ICM-42670-P","LGA14_2.5X3X0.76_IVS-M",95.500000,-54.500000,0.000000,top
"Y1","8MHz","Crystal_SMD_3225-4Pin_3.2x2.5mm",150.699000,-53.028435,0.000000,top
