"Reference","Qty","Value","DNP","Exclude from BOM","Exclude from Board","Footprint","Datasheet","MANUFACTURER","MPN"
"C1,C2,C3,C4,C5,C7,C10,C22","8","100n","","","","Capacitor_SMD:C_0402_1005Metric","","Murata Electronics","GRM155R71C104KA88D"
"C6","1","10u","","","","Capacitor_SMD:C_0603_1608Metric","","TDK","C1608X5R1A106K080AC"
"C8,C9","2","1u","","","","Capacitor_SMD:C_0402_1005Metric","","YAGEO","CC0402KRX5R6BB105"
"C11,C12","2","10p","","","","Capacitor_SMD:C_0402_1005Metric","","Murata Electronics","GRM1555C1H100JA01D"
"C13","1","22u","","","","Capacitor_SMD:C_0805_2012Metric","","KEMET","C0805C226M8PACTU"
"C14","1","10u","","","","Capacitor_SMD:C_0805_2012Metric","","KEMET","C0805C106M8PACTU"
"C15,C16,C17,C18,C23","5","10n","","","","Capacitor_SMD:C_0402_1005Metric","","Murata Electronics","GRM155R71C103KA01D"
"C21","1","4.7u","","","","Capacitor_SMD:C_0603_1608Metric","","KEMET","C0603C475K8PACTU"
"C24","1","2.2u","","","","Capacitor_SMD:C_0201_0603Metric","","Murata Electronics","GRM033R60J225ME47D"
"D1","1","RED","","","","LED_SMD:LED_0603_1608Metric","","Lite-On","LTST-C190KRKT"
"FB1","1","120R","","","","Inductor_SMD:L_0603_1608Metric","","Murata Electronics","BLM18AG121SN1D"
"J1","1","USB_B_Micro","","","","Connector_USB:USB_Micro-B_Wuerth_629105150521","","Würth Elektronik","629105150521"
"J2","1","Conn_01x04_Pin","","","","Connector_PinHeader_2.54mm:PinHeader_1x04_P2.54mm_Vertical","","Würth Elektronik","61300411121"
"J3,J5","2","Conn_01x03_Pin","","","","Connector_JST:JST_EH_S3B-EH_1x03_P2.50mm_Horizontal","","JST","S3B-EH(LF)(SN)"
"R1","1","10k","","","","Resistor_SMD:R_0402_1005Metric","","YAGEO","RC0402FR-0710KL"
"R2","1","1.5k","","","","Resistor_SMD:R_0402_1005Metric","","YAGEO","RC0402FR-071K5L"
"R3,R4","2","4.7k","","","","Resistor_SMD:R_0402_1005Metric","","YAGEO","RC0402FR-074K7L"
"SW1","1","SW_SPDT","","","","Button_Switch_SMD:SW_SPDT_PCM12","","C&K / Littelfuse","PCM12SMTR"
"SW2,SW3,SW10,SW11,SW14","5","SW_Push","","","","Button_Switch_THT:SW_PUSH_6mm","","Omron Electronics Components","B3F-1000"
"SW6,SW7,SW8,SW9","4","SW_Push","","","","Button_Switch_THT:SW_PUSH-12mm_Wuerth-430476085716","","Würth Elektronik","430476085716"
"U1","1","STM32F446RETx","","","","Package_QFP:LQFP-64_10x10mm_P0.5mm","https://www.st.com/resource/en/datasheet/stm32f446re.pdf","STMicroelectronics","STM32F446RET6"
"U2","1","TLV1117-33","","","","Package_TO_SOT_SMD:SOT-223-3_TabPin2","http://www.ti.com/lit/ds/symlink/tlv1117.pdf","Texas Instruments","TLV1117LV33DCYR"
"U3","1","USBLC6-2SC6","","","","Package_TO_SOT_SMD:SOT-23-6","https://www.st.com/resource/en/datasheet/usblc6-2.pdf","STMicroelectronics","USBLC6-2SC6"
"U4","1","joystick_right","","","","COM-09032:XDCR_COM-09032","","SparkFun Electronics","COM-09032"
"U5","1","joystick_left","","","","COM-09032:XDCR_COM-09032","","SparkFun Electronics","COM-09032"
"U7","1","ICM-42670-P","","","","ICM-42670-P:LGA14_2.5X3X0.76_IVS-M","ICM-42670-P","TDK InvenSense","ICM-42670-P"
"Y1","1","8MHz","","","","Crystal:Crystal_SMD_3225-4Pin_3.2x2.5mm","","Jauch Quartz","J32SMX-H-F-G-I-8M0"
